arquivo,candidato_titulo_ou_pessoal,texto_extraido,horas_detectadas,urls,erro_extracao
 GIACC_Corruption Investigation in Construction Certificate.pdf,False,True,,,
 SFE_Associate Certificate.pdf,False,True,,,
$088.317.986.50-Pedro Lamounier Sampaio-Direito-hist-escolar-VersaoImpressao.pdf,True,True,,https://assinador.pucminas.br/validate | https://assinador.pucminas.br/validate/EAYPB-QRT2L-YY5DQ-88JBZ,
0014121 - Certificate - Lead Auditor ISO 7101-2023.pdf,False,True,,,
3448359355PL.pdf,False,False,,,arquivo grande; extração limitada para segurança
409b461e-3588-410d-be97-61f487fef14c_6627b1eaf4f243b8b85c17c65e3d4be2.png,False,False,,,
4518298680PL - Enrolment Declaration.pdf,True,True,,,
593472_certificate_11159_1781918434191.pdf,False,True,,,
5fa6c03e-73b7-4324-abd4-707ba0228f20_59c2dffc263f41ea852e7842c0dfb248_42001AIGPF.png,False,False,,,
6S Green Belt_Certificado do LinkedIn Learning.pdf,False,True,2.0,,
7912824741PL - Certificate in Regulatory Compliance (MTF).pdf,False,True,,,
983965_full_size_certificate_11159_1781918233780.pdf,False,True,,,
_Curso_de_Inspeção_Sanitária_em_Serviços_de_Interesse_da_Saúde-CERTIFICADO_Curso_de_Inspeção_Sanitária_em_Serviços_de_Interesse_da_Saúde_44360.pdf,False,True,30.0,,
Accenture_360 view of GenAI_Certificate.pdf,True,True,0.35,,
Accenture_AI_Accountability and regulation_Certificate.pdf,True,True,0.5,,
Accenture_CT_Evaluating AI outputs_Course certificate_.pdf,True,True,0.35,,
Accenture_CT_Identifying AI risks_Course Certificate.pdf,True,True,0.35,,
Accenture_Goodwall Learn With Accenture Challenge Completion certificate (15).pdf,True,True,0.35 | 0.5,,
Accenture_Responsible AI_Course Certificate.pdf,True,True,0.35,,
ACCME.IACET_CE Health Literacy for Public Health Professionals Certificate.pdf,False,False,,,arquivo grande; extração limitada para segurança
ALA Code of Ethics-signed.pdf,False,True,,,
Alison-Transcript-5581-49836225_Compliance Excellence.pdf,True,True,,https://alison.com/verify/87dceb97f2,
Alison-Transcript-6074-49836225_ISO 19011 Lead Auditor.pdf,True,True,,https://alison.com/verify/edbd6338fd,
Alison-Transcript-7483-49836225_ISO 9001-2015.pdf,True,True,,https://alison.com/verify/e60ba97992,
Alison_Certificate-5581-49836225_Compliance Excellence.pdf,False,False,,,arquivo grande; extração limitada para segurança
Alison_Certificate-6074-49836225_ISO 19011 Lead Auditor.pdf,False,False,,,arquivo grande; extração limitada para segurança
Alison_Certificate-7483-49836225_ISO 9001-2015.pdf,False,False,,,arquivo grande; extração limitada para segurança
AMA-CME_PAH Risk Assessment Treatments.pdf,False,True,,,
Anato_Cert-692737-01935-3059043.pdf,False,False,,,
anatomia-humana.pdf,True,True,60.0,,
Anatomia_GCO_Certificado.pdf,True,True,120.0,,
Anatomia_GCO_Certificado_assinado.pdf,True,True,120.0,,
APC - Visualizar Entrega Relatorio - Estágio UBS Novo Riacho.pdf,True,True,,,
Asbestos_Safety_Certificate.pdf,False,True,,,
Ata de Defesa de Tese_MPGOS - PEDRO LAMOUNIER SAMPAIO.jpeg,False,False,,,
AVASUS-UFRN_AUDSUS Apresentacao_Certificado.pdf,True,True,20.0,https://avasus.ufrn.br/mod/certificate/validar.php,
AVASUS-UFRN_AUDSUS_Auditoria de Riscos_Certificado.pdf,True,True,20.0,https://avasus.ufrn.br/mod/certificate/validar.php,
AVASUS-UFRN_Financas SUS_Certificado.pdf,True,True,20.0,https://avasus.ufrn.br/mod/certificate/validar.php,
AVASUS-UFRN_Segurança do paciente - Certificado de Conclusão.pdf,True,True,15.0,https://avasus.ufrn.br/mod/certificate/validar.php,
AVASUS-UFRN_Suporte Básico de Vida_Certificado de Conclusão.pdf,True,True,30.0,https://avasus.ufrn.br/mod/certificate/validar.php,
Beige Gold Aesthetic Business Online Course Certificate.png,False,False,,,
BIFPC_ProCert_Badge_17d1db21-f883-4578-a063-a32302e57ac1_48a1448ff290412e8293a18d36b55a0b.png,False,False,,,
BMCEPC_PEDRO_LAMOUNIER_SAMPAIO_Business_Model_Canvas_Essentials_-_Production.pdf,False,False,,,
BSI-Coursera ISO 42001 Readiness Specialization Certificate K99N55L2EZNG.pdf,False,True,,,
BSI-Coursera_AIMS Essentials Certificate_7M8MXVWELB5L.pdf,False,True,,,
BSI-Coursera_AISIA_Certificate JMK7JAW5O7R9.pdf,False,True,,,
BSI-Coursera_EU AI Act_CertificateE0NA98PI4EVM.pdf,False,True,,,
BSI-Coursera_Intro ISO 22989 Certificate_3HLETUDTZKS9.pdf,False,True,3.0,,
BV_Auditorias Internas_Certificado.pdf,False,True,,,
BV_Masterclass_SST_Certificado.pdf,False,True,,,
BV_Processo de Certificação_Certificado.pdf,False,True,,,
BV_Workshop NR-01 e SST_Certificad.pdf,False,True,,,
Cambridge ESOL Lv. 1 Certificate in ESOL International.pdf,False,False,,,arquivo grande; extração limitada para segurança
CAPC_PEDRO_LAMOUNIER_SAMPAIO_Cybersecurity_Awareness_-_Production.pdf,False,False,,,
Carta de Aceite - CISMED 2026.pdf,False,True,,,
CDC Train Certificate - Public Health and the US Constitution_.pdf,False,False,,,arquivo grande; extração limitada para segurança
CDC Train Certificate of Completion - Preemption and Public Health.pdf,False,True,,,
CDC Train Certificate_ Legal Epidemiology.pdf,False,True,,,
CDC Train Certificate_.png,False,False,,,
CDC Train certificate_Advanced Legal Epidemiology.pdf,False,True,,,
CDC Train_Legal Mapping_Certificate.pdf,False,True,,,
CE_AMA-PRA_ABR for MCL_pedro-lamounier-sampaio-5b6fb732-334d-42da-8e39-9a41352e5c78-certificate.pdf,False,True,,,
Certificado (JHU) - Data and Health Indicators in PHP_4OENNTDB8T8T.pdf,False,True,,,
Certificado - Aplicação Injetáveis.pdf,False,False,,,
"Certificado - AudInt POP_Q_SVS_012___Auditoria_Interna_da_Qualidade,_versão_01-POP_Q_SVS_012,_versão_01_44359.pdf",False,True,4.0,,
Certificado - Auditor Interno ISO 9101-2015 (SGS).pdf,False,True,2.0,,
"Certificado - Auditoria Interna - POP_Q_DVMC_007__Procedimento_de_Auditoria_Interna,_revisão_05-Certificado_44358.pdf",False,True,6.0,,
Certificado - ComunidadePraticas_Estatistica_SP.pdf,False,True,20.0,,
Certificado - Segurança no Trabalho - 2511120f38.pdf,False,False,,,arquivo grande; extração limitada para segurança
Certificado de Apresentação de Trabalho_CISMED.pdf,False,False,,,arquivo grande; extração limitada para segurança
Certificado de Capacitação_Sao Camilo_Saude Preventiva e Promocao de Saude.pdf,True,True,40.0,https://validadocs.posead.saocamilo.br,
Certificado de conclusão - Curso POP-T-SVS-003.pdf,False,True,20.0,,
Certificado de Monitoria - CISMED 2026.pdf,False,False,,,arquivo grande; extração limitada para segurança
Certificado de Participação - CISMED 2026.pdf,False,False,,,arquivo grande; extração limitada para segurança
Certificado de participação - Curso sobre tratamentos em DA - MyCme.pdf,False,True,,,
Certificado do LinkedIn Learning - AI no Direito.pdf,False,True,,,
Certificado do LinkedIn Learning.pdf,False,True,,,
Certificado do LinkedIn Learning_ FluencIA_IA Generativa.pdf,False,True,,,
Certificado do LinkedIn Learning_Care Coodination_transfers.pdf,False,True,1.0,,
Certificado IDEA Assinado1.pdf,False,False,,,arquivo grande; extração limitada para segurança
Certificado Interno.pdf,False,True,2.0,,
Certificado JHU Surveillance Systems_Analysis_Dissem._etc_G1M5TCCWR0EJ.pdf,False,True,,,
"Certificado JHU+Coursera SVWCQ560O1OU - Revenue Cycle, Billing and Coding.jpg",False,False,,,
"Certificado JHU+Coursera SVWCQ560O1OU - Revenue Cycle, Billing and Coding.pdf",False,True,,,
Certificado Profissional JHU+Coursera P7PRAOBUU4L9 - JH Medical Office Manager (On-line).pdf,False,True,3.0,https://www.coursera.org/account/accomplishments/professional-cert/P7PRAOBUU4L9,
Certificado Profissional JHU+Coursera P7PRAOBUU4L9 - JH Medical Office Manager.pdf,False,True,,,
certificado-TP_ABEM_2026.pdf,False,True,,,
Certificado_-_Curso_Ensino_Anatomia_assinado_assinado.pdf,True,True,100.0,,
certificado_17844529367776.pdf,False,False,,,PdfStreamError: Stream has ended unexpectedly
certificado_1f168e8a-ce80-6968-a4ab-a106190e8306 2.pdf,True,True,,,
Certificado_Curso Prime_5S_13f47e11d2.pdf,False,False,,,arquivo grande; extração limitada para segurança
Certificado_Curso Prime_Gestão da Qualidade_4593e66fd1.pdf,False,False,,,arquivo grande; extração limitada para segurança
Certificado_Direito Aplicado na Saúde.pdf,False,True,4.0,,
certificado_extensão_Segurança_Informação_Saúde.pdf,False,False,,,arquivo grande; extração limitada para segurança
Certificado_SSTS_Prime_83a2c2271b.pdf,False,False,,,arquivo grande; extração limitada para segurança
Certificado_SSTS_Prime_83a2c2271b_assinado.pdf,False,False,,,arquivo grande; extração limitada para segurança
CertificadoIDEA assinado1a.pdf,False,False,,,arquivo grande; extração limitada para segurança
Certificate LinkedIn Learning.pdf,False,True,2.0,,
Certificate of Achievment - Lead Auditor ISO 7101.pdf,False,True,,,
Certificate_Healthcare Quality_WB.pdf,False,True,,,
Certificate_ISO 19011_Auditor_Interno.pdf,False,True,,,
Certificate_JHU_Surveillance System Building Blocks_MHMKZCH62LPX.pdf,False,True,,,
certificate_th7woDcS1vgpdQ==.jpg,False,False,,,
certification-ISO-9001%3A2015-Clause-by-Clause-Course-pedrolamouniersampaio.pdf,False,True,,,
certiprof_BAPC_Professional Certificate.pdf,False,False,,,
CGPC - MTF.pdf,False,True,,,
CISMED 2026_Certificado_de_Submissão.pdf,False,False,,,arquivo grande; extração limitada para segurança
cmeucert_20260702_042823.pdf,False,True,,,
cmeucert_20260709_213610_ACLS.pdf,False,True,,,
Cognitive health interview intiation w mid age_CME.pdf,False,True,,,
Competency_Assessment_Tier-1_Pedro_Sampaio.pdf,False,True,,,
Confirmation of Alpha certification form receivement.pdf,False,True,,,
course_1000706_page_0.pdf,False,False,,,
Coursera 4UIYZU51HN5L_JHU_Outbreaks and Epidemics.pdf,False,True,1.0,,
Coursera 8BH1XC5QBHPD_Specialization_Epidemiology and PHP.pdf,False,True,,,
Coursera CUX1XMF3YS8E_Leading HC Q-S_GWU.pdf,False,True,,,
Coursera+_Subscription Receipts.pdf,True,True,,,
Coursera-Duke Certificate_TeleHealth KVF3XW2SP4BV.pdf,False,True,,,
Coursera-ICL_Quality Improvement Specialization_Certificate 2RUAK3DPGYVQ.pdf,False,True,,,
Coursera.ICL_ONCEZO8V6040_Intro to Quality Improvement in HC.pdf,False,True,,,
Coursera_ICL_Certificate_Health Data Usage_V3XFWO53BYYT.pdf,False,True,,,
Creighton courses Transcript.pdf,True,True,1.0,,
Creighton_Transcript_2026.08.17.pdf,True,True,1.0,,
Currículo Lattes.pdf,True,True,1.0 | 3.0 | 8.0 | 9.0 | 10.0 | 35.0 | 42.0 | 60.0,https://lattes.cnpq.br/0668835500614017 | https://orcid.org/0009-0009-5238-1881,
dados,False,False,,,
Declaracao-PNAB_ Diretrizes da Atenção Primária no Brasil.pdf,False,True,,,
Declaração Oficial Curso 5S Prime Cursos.pdf,False,True,2.0 | 40.0,http://primecursos.com.br/confirma/,
Declaração Oficial Curso SGQ Prime.pdf,True,True,35.0,http://primecursos.com.br/confirma/,
Declaração Oficial Curso SSTS Prime Cursos.pdf,False,True,20.0,http://primecursos.com.br/confirma/,
Declaração Oficial Prime_Certificado Segurança no Trabalho.pdf,False,True,35.0,http://primecursos.com.br/confirma/,
desktop.ini,False,False,,,
Digitizing in Low resources settings - Certificate.pdf,True,True,,https://coursera.org/verify/N4H6ME6SOEC7,
Diploma - LL.B.pdf,True,True,,https://www.ufmg.br/drca,
Diploma MPGOS_PEDRO LAMOUNIER SAMPAIO (verso).jpeg,True,False,,,
DMA General Certification Overview - VA Certificate.pdf,False,True,,,
Duke-Coursera_Telehealth_Cardiopulmonary Specialization DSEV3OLMXEMK.pdf,False,True,,,
Duke-Coursera_Telehealth_Dermatology_Certificate_R2FTYV77JH0A.pdf,False,True,,,
Duke-Coursera_Telehealth_Dermatology_Specialization Certificate_CG5I6U6HR05R..pdf,False,True,6.0,,
Duke-Coursera_Telehealth_Musculoskeletal_Exam_Certificate_2J767H2OB448.pdf,False,True,7.0,,
Duke-Coursera_Telehealth_Musculoskeletal_Specialization Certificate_ZVA616EKPRVQ.pdf,False,True,,,
Duke-Coursera_Telehealth_Neurological Exam Course_Certificate_UCSTLLOAX0QZ.pdf,False,True,,,
Duke-Coursera_Telehealth_Neurology_Certificate_UCSTLLOAX0QZ.pdf,False,True,,,
DUNS Resolved Inquiry # 10536566 (Case # 10601194) - Update for LAMOUNI.pdf,False,True,,,
E-mail confirmation sent by Alpha.pdf,False,True,,,
E-mail from Alison.pdf,False,True,,,
e1acc2cd-ba6a-4a63-8230-37366add71b1_eb96ae20cd844243b17a7d4ffb8e6c57_LLPC_Badge.png,False,False,,,
EADV_00042657_certificate.pdf,False,True,,,
educacao_fiscal_e_cidadania_turma_jun2026_certificado.pdf,False,True,25.0,,
EGS003_Pedro Lamounier Sampaio_Participant_WPP__20260704-204242.pdf,False,True,,,
Elevify_ ISO 9001 Requirements Support and Operations_Cert.pdf,True,True,14.0 | 15.0,https://www.elevify.com,
Elevify_ Performance Evaluation and Internal Auditing_Cert_.pdf,True,True,14.0 | 15.0,https://www.elevify.com,
Elevify_7QMP_Certificate.pdf,True,True,15.0,https://www.elevify.com,
Elevify_Integrating ISO 9001_Certificate.pdf,True,True,14.0 | 28.0,https://www.elevify.com,
Elevify_ISO 9000 Training_Certificate.pdf,True,True,28.0 | 131.0,https://www.elevify.com,
Elevify_ISO 9001 Certification_Certificate.pdf,True,True,14.0 | 28.0,https://www.elevify.com,
Elevify_ISO 9001_Non-Conformity.pdf,True,True,14.0 | 28.0,https://www.elevify.com,
Elevify_ISO 9001_Process Approach_Certificate.pdf,True,True,15.0 | 28.0,https://www.elevify.com,
Elevify_ISO9001_Foundations_Certificate.pdf,True,True,15.0,https://www.elevify.com,
Ementa Curso Auditoria SES.pdf,False,True,,,
Ementa Curso POP-T-SVS-012.pdf,False,True,,,
Ementa Inspeção SVSS.pdf,False,True,,,
ENAP_Certificado_formacao_de_facilitadores_de_aprendizagem_turma_jun2026_certificado.pdf,False,True,40.0,,
EPICourses_OSHAin Healthcare and BPT_Certificate.pdf,False,True,,,
Epidemiology Essentials - JHU.pdf,True,True,,https://coursera.org/verify/0E8IVMB616A0,
fd91e062-545f-0a1b-40b2-14937c01b355_file.pdf,False,True,,,
FDCE-UFMG_Certificado_Extensão_Tributação Previdenciária_2020.10.pdf,False,True,,,
FIOCRUZ-MS_Aperfeiçoamento_Gerência_Serviços_APS_Certificado_146971.pdf,True,True,180.0,,
"FIOCRUZ-MS_Ouvidorias_do_SUS_Conceito,_organização_e_funcionamento_Certificado_147082.pdf",True,True,45.0,,
FIOCRUZ-MS_SUS_Participação_Social_OUVSUS_Certificado_147087.pdf,True,True,45.0,,
form-q-svs-005-v-00-programa-de-auditoria-interna.pdf,False,True,,,
form-q-svs-006-v-00-relatorio-de-auditoria-interna.pdf,False,True,,,
GHLC_HC WF Productivity and Quality_Certificate.pdf,False,False,,,arquivo grande; extração limitada para segurança
GHTC_Infrastructure and Good Governance_Certificate.pdf,False,False,,,arquivo grande; extração limitada para segurança
GIACC_ Common types of corruption in project construction Certificate.pdf,False,True,,,
GIACC_Benefits and Requirements of ISO 37301_Certificate.pdf,False,True,,,
GIACC_Construction and Procurement Contracts_Certificate.pdf,False,True,,,
GIACC_Construction Corruption Prevention Certificate.pdf,False,True,,,
GIACC_Corruption in Procurement Certificate.pdf,False,True,,,
GIACC_Corruption Investigation in Procurement_Certificate.pdf,False,True,,,
GIACC_Mod11_Corruption Dilemmas_Certificate.pdf,False,True,,,
GIACC_Module 3_Certificate.pdf,False,True,,,
GICR-1 Certificate of Completion - WHO Academy.pdf,False,True,,,
GICR-O Certificate of Completion - WHO Academy.pdf,False,True,,,
Global Health Governance Certificate.pdf,False,False,,,arquivo grande; extração limitada para segurança
Global Infrastructure Anti-Corruption Centre Module 2 Certificate.pdf,False,True,,,
Global Infrastructure Anti-Corruption Centre.pdf,False,True,,,
Glossary_Modern_Project_Management_Microsoft365.zip,False,False,,,
HBS-Coursera_Effective Leadership_UQNUF9TGZVM9.pdf,False,True,,,
HBS-Coursera_Intro to Leadership Specialization Certificate_53FFGZD92GQU.pdf,False,True,,,
HIPAA_Training_Certificate.pdf,False,True,,,
Histórico Acadêmico UFMG - Pedro Lamounier Sampaio.xlsx,True,False,,,
Histórico Escolar - PUC Minas Direito.pdf,True,True,,https://diploma.pucminas.br/validar/,
Histórico Escolar_MPGOS - PEDRO LAMOUNIER SAMPAIO.jpeg,True,False,,,
HomeTown Health Certificate.pdf,False,True,,,
HomeTown Health_Care Coordination and Continuity.pdf,False,True,,,
HSC_Curso sobre avaliação biológica ISO 10993_certificado-3533631.pdf,False,False,,,
HSC_Curso sobre Avaliação Clínica ISO 10993_certificado-3533419.pdf,False,False,,,
HSC_Curso sobre MDSAP AU_certificado-3533417.pdf,False,False,,,
HSC_ISO 10994 Gestão de Risco_certificado-3536529.pdf,False,False,,,
HSC_Registro no FDA_certificado-3533688.pdf,False,False,,,
HTH_Systems Thinking and Design Certificate.pdf,False,True,,,
IBSEC_ISO 27001 Essentials_Certificate.pdf,False,False,,,
IBSEC_ISO 27001 Fundamentos_ProfCertificate.pdf,False,False,,,
"IBSEC_Perícia Digital, Investigação e Custódia Segurança Digital_Essentials_ProfCertificate.pdf",False,False,,,
ICL-Coursera_Digital Health_Specialization Certificate CO5VFFKM5MQ6.pdf,False,True,,,
IIBA_6S Green Belt Certificate.pdf,False,True,,,
IllinoisMed-Coursera_Health Ecosystem 3O4Q2WIWVNSX.pdf,False,True,,,
Injetáveis Curso_certificate_1779855229036 (1).pdf,False,False,,,
Injetáveis Curso_certificate_1779855229036.pdf,False,False,,,
International Institute of Business Analysis (IIBA®).pdf,False,True,,,
Intro to OSHAcademy_Certificate.pdf,True,True,,,
IPE-Creighton - Certicate-ish.docx,False,False,,,
IPE_Signed What you Need to Know_Certificate.pdf,False,True,1.0,,
ISO 9001 and 27001 Essentials Certificate_Great Learning.pdf,False,True,,https://www.mygreatlearning.com/certificate/PSXVKTXD,
ISO 9001 Requirements_Context to Planning_Certificate Elevify.pdf,True,True,14.0 | 15.0,https://www.elevify.com,
ISO9001_Badge_SkillFront96337181584206.png,False,False,,,
IU_Primary Plagiarism Certificate.pdf,False,False,,,
IU_Primary Plagiarism Certificate_signed.pdf,False,False,,,
JHU-Coursera_Analysis of Programs_Certificate 3Z8RM8B5P6LS.pdf,False,True,,,
JHU-Coursera_Biostatistics in PH_4XIVGLM9A4VF.pdf,False,True,,,
JHU-Coursera_Evaluating Health Programs_Specializatin Certificate_9LMUYO3P4H4E.pdf,False,True,4.0,,
JHU-Coursera_Health Program Delivery_Certificate 47FKHSCQYH5D.pdf,False,True,,,
JHU-Coursera_PH Programs Evaluation_Certificate URX3MO9G7TX7.pdf,False,True,,,
JHU-Coursera_Program Design and Evaluation_Certificate_N5X42IZWTN22.pdf,False,True,,,
LEIA-ME.md,False,True,6.0,,
LinkedIn Certificate - Six Sigma Black Belt.pdf,False,True,2.0,,
LinkedIn Learning Certificate_Project Management Foundations.pdf,False,True,4.0,,
LinkedIn Learning_Building Blocks in AI Certificate.pdf,False,True,,,
LinkedIn_AI para Profissionais da Justiça_Certificado.pdf,False,True,,,
LinkedIn_AI Products Introduction_Certificate.pdf,False,True,,,
LinkedIn_Top Performers Reinvention_Completion Certificate.pdf,False,True,,,
"LOC Certificate for 'Breaking Dengue’s Grip- Epidemiology, Immune Responses, and.pdf",False,True,1.25,,
LOC Certificate for 'Breaking the Routine- Modernizing Mealtime Insulin Manageme.pdf,False,True,,,
Matrícula Unifenas 2026.2.pdf,True,True,,,
MedScape_Updates on infections_LOC Certificate.pdf,False,False,,,
MichiganU-Coursera_Intro to Translational Science_Certificate_AI712ZU1D9CZ.pdf,False,True,,,
Microsoft_LinkedIn_PME_ProCert.pdf,False,True,13.0,,
My Support Cases.pdf,False,True,,https://www.coursera.org/my-purchases/transactions?utm_medium=email&utm_source=other&utm_campaign=…,
My Support Casespt2.pdf,False,True,,http://play.google.com/store/apps/details? | https://about.coursera.org/ | https://about.coursera.org/afﬁliates | https://about.coursera.org/careers | https://about.coursera.org/how-coursera-works/ | https://about.coursera.org/leadership | https://blog.coursera.org/ | https://building.coursera.org/developer-program/ | https://investor.coursera.com/ | https://itunes.apple.com/app/apple- | https://learner.coursera.help/hc | https://learner.coursera.help/hc/articles/360050668591- | https://medium.com/coursera-engineering | https://www.coursera.community/ | https://www.coursera.community/#beta-tester | https://www.coursera.community/#gtc | https://www.coursera.org/about/contact | https://www.coursera.org/about/partners | https://www.coursera.org/about/press | https://www.coursera.org/about/privacy | https://www.coursera.org/about/terms | https://www.coursera.org/articles | https://www.coursera.org/browse | https://www.coursera.org/business | https://www.coursera.org/campus | https://www.coursera.org/degrees | https://www.coursera.org/directory | https://www.coursera.org/government | https://www.coursera.org/professional- | https://www.coursera.org/teaching-center,
myCME Transcript.pdf,True,True,,,
NASB-LinkedIn_Certificate_PME_Budgets.pdf,False,True,,,
NASBA-LikedIn_PMF_Communication_Certificate.pdf,False,True,,,
NASBA-LinkedIn Certificate - Six Sigma Black Belt.pdf,False,True,,,
NASBA-LinkedIn Certificate_PMF_Teams.pdf,False,True,,,
NASBA-LinkedIn Certificate_Project Management Foundations.pdf,False,True,,,
NASBA-LinkedIn Learning - PM Risk Certificate.pdf,False,True,,,
NASBA-LinkedIn_Certificate_PM Foundations_Ethics.pdf,False,True,,,
NASBA-LinkedIn_MicrosoftMPM_Certificaye.pdf,False,True,,,
NASBA-LinkedIn_PM Foundations Requirements.pdf,False,True,,,
NASBA-LinkedIn_PME_Schedules.pdf,False,True,,,
NASBA-LinkedIn_PMF_Risks Certificate_.pdf,False,True,,,
NASBA-LinkedIn_PMF_Stakeholders_Certificate.pdf,False,True,,,
NASBA_Certificate_Healthcare Projects.pdf,False,True,,,
New opioid treatments_cmeucert_20260731_134129.pdf,False,True,,,
NIDA GCP Certificate.pdf,False,True,,,
Pedido de Restituição Coursera 2026.07.pdf,False,True,,,
Pedro Lamounier Sampaio - CV 2.pdf,False,False,,,arquivo grande; extração limitada para segurança
Pedro Lamounier Sampaio - PDF Certificate (ISO 19011 Lead Auditor).pdf,False,True,,,
Pedro Lamounier Sampaio _ LinkedIn_Duolingo LVL128.pdf,False,False,,,
Pedro Lamounier Sampaio ACLS (Advanced Cardiac Life Support) Online Course Completion Certificate 2026.pdf,False,True,,,
Pedro Lamounier Sampaio ACLS Course Completion Certificate.pdf,False,True,,,
Pedro Lamounier Sampaio BLS (Basic Life Support) Online Course Completion Certificate 2026.pdf,False,True,,,
Pedro Lamounier Sampaio- PDF Certificate (Advanced Cardiac Life Support (ACLS)).pdf,False,True,,,
PEDRO LAMOUNIER SAMPAIO.pdf,True,True,360.0,,
PEDRO_LAMOUNIER_SAMPAIO_Cybersecurity_Awareness_-_Production.pdf,False,False,,,
PEDRO_LAMOUNIER_SAMPAIO_Project_Management_Essentials_-_Production.pdf,False,False,,,
Penn-Coursera_Healthcare Law Specialization Certificate VOUZB1AZBVL4.pdf,False,True,,,
Penn-Coursera_Intellectual Property in Healthcare_Certificate_ME8EBTCWCKTS.pdf,False,True,,,
Personalidade INTP (Lógico) _ 16Personalities.pdf,False,True,,,
PET_ESOL Entry 3 Certificate.pdf,False,False,,,arquivo grande; extração limitada para segurança
PHC Course - WHO Academy.pdf,False,True,,,
pjrtraining _ ISO 9001-2015 Clause-by-Clau... (CBC9000) _ Final Exam.pdf,False,True,,"https://pjrtraining.talentlms.com/dashboard | https://pjrtraining.talentlms.com/unit/viewtestsurvey/id:1746,mode:test",
PMI-LinkedIn Certificate - Six Sigma Black Belt.pdf,False,True,,,
PMI-LinkedIn Certificate_Problem Solving for Leadership.pdf,False,True,,,
PMI-LinkedIn Certificate_Project Management Foundations.pdf,False,True,,,
PMI-LinkedIn Learning Certificate_Healthcare Projects.pdf,False,True,,,
PMI-LinkedIn_Certificate_PM Foundations Requirements.pdf,False,True,,,
PMI-LinkedIn_Certificate_PM Foundations_Ethics.pdf,False,True,,,
PMI-LinkedIn_Certificate_PME_Budgets.pdf,False,True,,,
PMI-LinkedIn_Certificate_PME_Schedules.pdf,False,True,,,
PMI-LinkedIn_Certificate_PMF_Teams.pdf,False,True,,,
PMI-LinkedIn_Leveraging AI_GRC_Certificate.pdf,False,True,,,
PMI-LinkedIn_MicrosoftMPM_Certificate.pdf,False,True,,,
PMI-LinkedIn_PMF_Communication_Certificate.pdf,False,True,,,
PMI-LinkedIn_PMF_Risks_Certificate.pdf,False,True,,,
PMI-LinkedIn_PMF_Stakeholders_Certificate.pdf,False,True,,,
PMI_LinkedIn_Certificate_AI_Projects.pdf,False,True,,,
PMP ExamPrep1_Project Management Institute (PMI)®.pdf,False,True,,,
Podcast APS_CME answers certificate-2026-7-12_1735.pdf,False,True,,https://answersincme.com/DDT,
POP-Q-DVMC-007.pdf,False,True,24.0,,
pop-q-svs-012-ver-00-auditoria-interna-da-qualidade.pdf,False,True,24.0,,
"POP_Q_SVS_001___Gerenciamento_de_Documentos_da_Qualidade___versão_05-POP_Q_SVS_001,_versão_05_43746.pdf",False,True,4.0,,
problem_solving_skills_turma_ago2026_certificado.pdf,False,True,25.0,,
Processo Civil no pós-pandemia - Certificado ESAOAB.pdf,False,True,,,
Project Management Institute (PMI)_6S Green Belt.pdf,False,True,,,
Project Management Institute (PMI)®.pdf,False,True,,,
Proteção de dados pessoais - Certificado ESAOAB.pdf,False,True,2.0,,
Public Health Law Academy_Certificate.pdf,False,True,,,
Python.pdf,False,False,,,
Q1 Basics Certificate_554362_48978_3.pdf,False,True,1.0,,
Q1 Basics_Certificate_CE_554362_48978_3.pdf,False,True,2.0,,
QMS_ISO 19011-2026_Fundamentos_Certificado 0014912.pdf,False,True,,,
Receipt for Order 394583203.pdf,False,True,,,
Relatório_Extensao_CEPROC.pdf,False,True,,,
revivr-CPR_certificate_2026.08.22.pdf,False,True,,,
Said-Oxford-Coursera_Agentic and GenAI_Certificate5YR8YBKNEOIC.pdf,False,True,,,
Said-Oxford-Coursera_AI Essentials_Certificate EN2VCPK6A775.pdf,False,True,,,
Said-Oxford-Coursera_AI Governance_Certificate_FWGA4AWODSM4.pdf,False,True,,,
Said-Oxford-Coursera_Specialization AI for Business_Certificate_FWGA4AWODSM4.pdf,False,True,,,
SGA - Declaração de Matrícula.pdf,True,True,,,
SkillFront-ISO 9001_Associate_Certificate_SFE0232f5d549bbc-96337181584206.pdf,False,True,,,
SkillFront_ISO 27001 ISMS Associate SFE0166da11827fd-47327192991292_Certificate.pdf,False,True,,,
Stanford CME-CE - AI thinking in healthcare_554362_56997_3.pdf,False,True,0.5,,
Stanford CME_Trends in Precision Medicine Certificate_554362_56922_3.pdf,False,True,0.5,,
Stanford Med_AI in Healthcare Capstone_554362_39163_3.pdf,False,True,11.0,,
Stanford Medicine_554362_47051_3_AI in Healthcare Certificate.pdf,False,True,12.0,,
Stanford Medicine_AI in Healthcare Capstone Project Certificate_554362_39163_3.pdf,False,True,11.0,,
Stanford Medicine_Antimicrobial Stewardship_CME-CE Certificate_554362_49027_3.pdf,False,True,7.0,,
Stanford Medicine_CME_RECAP Health Podcast_Certificate_554362_53806_3.pdf,False,True,0.25,,
Stanford Medicine_Essentials of Palliative Care_CE_554362_47068_3.pdf,False,True,11.5,,
Stanford Medicine_Evaluation of AI in healthcare Certificate_554362_47063_3.pdf,False,True,9.5,,
Stanford Medicine_Fundamentals in AI and MLin HC_Certificate.CE_554362_47055_3.pdf,False,True,11.0,,
Stanford Medicine_Supporting Caregivers in PCA_Certificate-CE_554362_47065_3.pdf,False,True,10.0,,
Stanford Medicine_Symptom Management Certificate.pdf,False,True,9.75,,
Stanford Medicine_Transitioning care in palliative care_Certificate-CME-CE_554362_47066_3.pdf,False,True,10.0,,
Stanford Medicine_Women Health_Menopause and Care Management_Certificate_554362_56761_3.pdf,False,True,0.75,,
Stanford-Coursera RYUIMPUS3ZLR_Intro to Healthcare_Certificate.pdf,False,True,,,
Stanford-Coursera_AI in Healthcare Capstone Certificate_9L3NBFUCKU4Q.pdf,False,True,,,
Stanford-Coursera_AI in Healthcare Specialization Certificate_7GM7A9EIJ9W4.pdf,False,True,,,
Stanford-Coursera_Antibiotic Stewardship Certificate.pdf,True,True,,https://coursera.org/verify/FZV2SBU6I8NI,
Stanford-Coursera_Certificate_Fundamentals of ML in HC_MYZ6GPXEFO5H.pdf,False,True,5.0,,
Stanford-Coursera_Evaluations of AI in HC_Certificate_DW8FFD7QA2IZ.pdf,False,True,,,
Stanford-Coursera_Intro to Clinical Data Certificate.pdf,False,True,,,
Stanford-Coursera_Intro to Clinical Data Certificate_554362_47057_3_CME.pdf,False,True,11.0,,
Stanford-Coursera_PCA Specialization Certificate E8700K9GB2WD.pdf,False,True,,,
Stanford-Coursera_Supporting Caregiver Health_Certificate_O8W0ZHG0J5II.pdf,False,True,,,
Stanford-Coursera_Symptom Management_CertificateLYD5V9AWXRXS.pdf,False,True,,,
Stanford-Coursera_Transitioning care in palliative care_Certificate_554362_47066_3.pdf,False,True,,,
stanford_554362_Transcript.pdf,True,True,,https://med.stanford.edu/cme/about/accreditation.html,
Stanfprd Medicine_Medcast 95_CME Certificate.pdf,False,True,0.5,,
Stanfrod-Coursera_Supporting families and caregivers Certificate_O8W0ZHG0J5II.pdf,False,True,,,
studentmemap200.pdf,True,True,,,
texto 2.txt,False,True,,,
texto 3.txt,False,True,,"https://produto.mercadolivre.com.br/MLB-3554868073-creme-despigmentante-alfa-arbutin-7-40g-_JM"", | https://shopee.com.br/search?keyword=Alfa+Arbutin+Axilas"", | https://shopee.com.br/search?keyword=Alfa+Arbutin+Formulab"", | https://shopee.com.br/search?keyword=Alfa+Arbutin+Locao"", | https://shopee.com.br/search?keyword=Alpha+Arbutin"", | https://shopee.com.br/search?keyword=Creme%20Gel%20para%20Peeling%20com%20%C3%81cido%20Retin%C3%B3ico%20e%20Hidroquinona"", | https://shopee.com.br/search?keyword=Hidroquinona"", | https://www.amazon.com.br/alpha-arbutin/s?k=alpha+arbutin"", | https://www.amazon.com.br/s?k=Gel+Facial+Alfa+Arbutin"", | https://www.belezasaude.com.br/creme-alfa-arbutin-10-vitamina-c-estabilizada-10-40g"", | https://www.drogariaminasbrasil.com.br/hidroquinona-5-acid-retinoico-0-025-dexametasona-0-05-creme-30g.html"", | https://www.drogariaminasbrasil.com.br/search?q=hidroquinona"", | https://www.drogariasaopaulo.com.br/search?w=Melan-Off"", | https://www.drogariasaopaulo.com.br/search?w=suavicid"", | https://www.drogasil.com.br/search?w=Blancy"", | https://www.drogasil.com.br/search?w=Classis%20TX"", | https://www.drogasil.com.br/search?w=vitacid%20plus"", | https://www.epocacosmeticos.com.br/search?q=Eucerin+Anti+Pigment"", | https://www.farmaciabelladona.com.br/search?q=alfa+arbutin"", | https://www.farmaciabelladona.com.br/search?q=hidroquinona"", | https://www.farmaciabotanica.com.br/search?q=alfa+arbutin"", | https://www.farmaciaeficacia.com.br/search?q=alfa+arbutin"", | https://www.farmaciaeficacia.com.br/search?q=hidroquinona"", | https://www.farmasesi.com.br/produto/5424-hidroquinona--ems-400mg-4-creme-30g"", | https://www.farmasite.com.br/hidroquinona-4-alfa-bisabolol-1-creme-30g"", | https://www.farmasite.com.br/search?q=hidroquinona"", | https://www.manipulart.com.br/search?q=hidroquinona"" | https://www.manipulart.com.br/search?q=hidroquinona"", | https://www.mercadolivre.com.br/p/MLB39792525"", | https://www.mercadolivre.com.br/search?keyword=Arbutin+Creme"", | https://www.mercadolivre.com.br/search?keyword=Raavi%20Alfa%20Arbutin"", | https://www.naturalforma.com.br/search?q=alfa+arbutin"", | https://www.naturalforma.com.br/search?q=hidroquinona"", | https://www.panvel.com/search?q=hormoskin"", | https://www.rituaria.com.br/produtos/formula-uniformizadora"",",
texto.txt,False,True,,https://cursa.app/pt/downapp,
The SQuaRE series.pdf,True,True,,,
TRREE (2023)_Certificate of completion for module 1_Intro to Research.pdf,False,True,,http://www.cihr-irsc.gc.ca/e/2891.html,
TRREE (2023)_Certificate of completion for module 2_Ethics Evaluation in Research.pdf,False,True,,http://www.cihr-irsc.gc.ca/e/2891.html,
TRREE (2023)_Certificate of completion for module 3_Informed Consent_Certificate.pdf,False,True,,http://www.cihr-irsc.gc.ca/e/2891.html,
TRREE_Module 4_R3_GCP_Certificate.pdf,False,True,,http://www.cihr-irsc.gc.ca/e/2891.html,
TRREE_Module 4R2_GCP_Certificate.pdf,False,True,,http://www.cihr-irsc.gc.ca/e/2891.html,
TRREE_Module 5.1 HIV Vaccine TrialsTraining certificate.pdf,False,True,,http://www.cihr-irsc.gc.ca/e/2891.html,
TRREE_Module 5.2_Adolescent participants in HIV Trials_Training certificate - Module 5.2.pdf,False,True,,http://www.cihr-irsc.gc.ca/e/2891.html,
TRREE_Module 5.3_Ethics in PH Research_Training Certificate.pdf,False,True,,http://www.cihr-irsc.gc.ca/e/2891.html,
TRREE_Reg. Frameworks_Suisse-2025_Certificate.pdf,False,True,,http://www.cihr-irsc.gc.ca/e/2891.html,
U-M-Coursera_Translating Research to communities Certificate_WWZOYLD9AB26.pdf,False,True,,,
U-M-Coursera_Translating Research to Patients Certificate_IKDNWXUCALFA.pdf,False,True,,,
U-M-Coursera_Translating Research to Policy Certificate_0HXUUQIWD1P7.pdf,False,True,0.0,,
U-M-Coursera_Translational Research for humans_Certificate 7MIVPFC1VTQR.pdf,False,True,,,
U-M-Coursera_Translational Science Specialization Certificate_IXQRUXCLXP3K.pdf,False,True,,,
UFMA_DRC na APS_Certificafdo de Curso.pdf,False,False,,,arquivo grande; extração limitada para segurança
UFMA_SUS_Saude Digital_Declaracao_Matricular.pdf,True,True,30.0,,
UFMG-UNA-SUS_Cuidados da Criança na APS_Certificado_1f19bdf8-15cb-6bc0-afb9-7d41a92de2c8.pdf,True,True,,,
UFMG-UNA-SUS_M1_Atributos da APS_certificado_1f198775-dbe8-6290-b71e-85b8bf09b5ac.pdf,False,True,,,
UFMG_Aceleracao Saude Digital APS_Certificado2406162535PL.pdf,False,True,25.0,https://educaesusaps.medicina.ufmg.br,
UFMG_LLB_PLS_WES Degree Equivalency Tool - WES.pdf,True,False,,,
UNA-SUS-UFMA_Aperfeiçoamento em DRC_Certificado.pdf,False,False,,,arquivo grande; extração limitada para segurança
UNA-SUS-UFMA_Atendimento Interdisciplinar DRC_M5_Certificado.pdf,False,False,,,arquivo grande; extração limitada para segurança
UNA-SUS-UFMA_Diálise Peritoneal_M4_Certificado.pdf,False,False,,,arquivo grande; extração limitada para segurança
UNA-SUS-UFMA_IA na Saúde_Extensão_Certificado.pdf,False,False,,,arquivo grande; extração limitada para segurança
UNA-SUS-UFMA_Introdução à DRC_M1_Certificado.pdf,False,False,,,arquivo grande; extração limitada para segurança
UNA-SUS-UFMA_Manejo clínico da DRC_M3_Certificado.pdf,False,False,,,arquivo grande; extração limitada para segurança
UNA-SUS-UFMA_Registros e Qualidade na Saúde Digital_Certificado de Conclusao_.pdf,False,False,,,arquivo grande; extração limitada para segurança
UNA-SUS-UFMA_Registros Eletrônicos e Saúde Digital_Declaracao Matricular.pdf,True,True,30.0,,
UNA-SUS-UFMA_Saude Digital e SUS_Certificado Extensão.pdf,False,False,,,arquivo grande; extração limitada para segurança
UNA-SUS-UFMA_Saúde Digital Conceituacao_Certificado.pdf,True,True,15.0,,
UNA-SUS-UFMA_Saúde Digital Inclusiva_Certificado.pdf,False,False,,,arquivo grande; extração limitada para segurança
UNA-SUS-UFMA_Saúde Digital Noções fundamentais_Certificado.pdf,False,False,,,arquivo grande; extração limitada para segurança
UNA-SUS-UFMA_Transf Digital_Extensao_Certificado.pdf,False,False,,,arquivo grande; extração limitada para segurança
UNA-SUS-UFMA_Transf Digital_Extensao_Declaracao.pdf,True,True,15.0,,
UNA-SUS-UFMA_Ética e Responsabilidade na Saúde Digital_Declaracao.pdf,True,True,30.0,,
UNA-SUS_Certificado_Introducao Saúde Digital.pdf,False,False,,,arquivo grande; extração limitada para segurança
UNA-SUS_Saúde da Puerpera eAPS_Qualificacao Profissional_Certificado.pdf,True,True,,,
UNA-SUS_UFMA_Cultura da Saúde Digital_Certificado de Extensão_.pdf,False,False,,,arquivo grande; extração limitada para segurança
UNA-SUS_UFMA_Etica e Responsabilidade_Saude Digital_Certificado Extensão.pdf,False,False,,,arquivo grande; extração limitada para segurança
UNA-SUS_UFMA_Programa_Aperfeicoamento_Saude Digital_Certificado.pdf,False,False,,,arquivo grande; extração limitada para segurança
VMEdu_SFC_PedroLamounierSampaio-1182483.pdf,False,True,,,
Yale-Coursera_Global Health Essentials_Certificate_YJ26WLVD3O3K.pdf,False,True,,,
Your D-U-N-S Number is enclosed_.pdf,False,True,,,
